theta_deg,r_tip_nm,r_fret_nm,FRET_E_near_crux,plasmon_dlambda_over_lambda_tip
20.0,17.364817766693033,1.8357093067646921,0.9984590407534233,nan
20.30075187969925,17.62322590047217,1.8630267380499153,0.9983164725356057,nan
20.601503759398497,17.881512640424173,1.8903313362734124,0.9981631800433111,nan
20.902255639097746,18.139676207396,1.9176229133532916,0.9979985414062673,nan
21.203007518796994,18.39771482308307,1.944901281297353,0.9978219098476628,nan
21.50375939849624,18.6556267100415,1.9721662522043868,0.9976326132297672,nan
21.804511278195488,18.91341009170034,1.9994176382654643,0.9974299536167879,nan
22.105263157894736,19.17106319237384,2.0266552517652348,0.9972132068567601,nan
22.406015037593985,19.428584237273654,2.0538789050832147,0.9969816221843618,nan
22.706766917293233,19.685971452521063,2.0810884106950835,0.9967344218466262,nan
23.007518796992482,19.943223065159223,2.108283581173975,0.9964708007536145,nan
23.30827067669173,20.200337303165348,2.1354642291917654,0.9961899261561972,nan
23.609022556390975,20.45731239546293,2.162630167520367,0.9958909373531779,nan
23.909774436090224,20.714146571933945,2.189781209033017,0.9955729454300905,nan
24.210526315789473,20.970838063431028,2.216917166705566,0.9952350330320746,nan
24.51127819548872,21.227385101789665,2.2440378536177645,0.9948762541733323,nan
24.81203007518797,21.48378591984039,2.2711430829545556,0.9944956340857438,nan
25.112781954887218,21.740038751420933,2.2982326680073557,0.9940921691093105,nan
25.413533834586467,21.996141831388403,2.3253064221753452,0.9936648266271653,nan
25.714285714285715,22.25209339563144,2.352364158966752,0.9932125450479697,nan
26.015037593984964,22.507891681082366,2.379405692000136,0.9927342338385894,nan
26.315789473684212,22.76353492572934,2.406430835005673,0.99222877361,nan
26.616541353383457,23.019021368628465,2.433439401826438,0.9916950162594425,nan
26.917293233082706,23.274349249915964,2.4604312064196874,0.991131785171892,nan
27.218045112781954,23.52951681082026,2.487406062858142,0.9905378754839553,nan
27.518796992481203,23.784522293674126,2.514363785331265,0.9899120544133425,nan
27.81954887218045,24.039363941926755,2.5413041881465426,0.9892530616570891,nan
28.120300751879697,24.294040000155892,2.568227085730766,0.9885596098617132,nan
28.421052631578945,24.548548714079914,2.595132292631305,0.9878303851684973,nan
28.721804511278194,24.802888330569907,2.62201962351739,0.9870640478370756,nan
29.022556390977442,25.057057097661755,2.6488888931813857,0.9862592329504728,nan
29.32330827067669,25.311053264568194,2.675739916540066,0.9854145512047063,nan
29.62406015037594,25.56487508169089,2.7025725086358943,0.9845285897859962,nan
29.924812030075188,25.81852080063247,2.72938648463829,0.9835999133385575,nan
30.225563909774436,26.071988674208583,2.7561816598449074,0.982627065025838,nan
30.526315789473685,26.325276956459927,2.7829578496829064,0.9816085676879605,nan
30.827067669172934,26.57838390266426,2.8097148697102217,0.9805429250979717,nan
31.127819548872182,26.831307769348467,2.836452535616838,0.979428623319342,nan
31.428571428571427,27.08404681430051,2.863170663226054,0.9782641321669711,nan
31.729323308270676,27.336599296581465,2.889869068495755,0.9770479067737303,nan
32.03007518796993,27.588963476537515,2.91654756751968,0.9757783892643371,nan
32.330827067669176,27.8411376158119,2.9432059765286867,0.9744540105380811,nan
32.631578947368425,28.093119977356938,2.9698441118920194,0.9730731921616226,nan
32.932330827067666,28.34490882544595,2.9964617901185715,0.9716343483727585,nan
33.233082706766915,28.596502425685237,3.023058827858154,0.970135888195686,nan
33.53383458646616,28.847899045026043,3.049635041902753,0.9685762176679132,nan
33.83458646616541,29.099096951776442,3.0761902491877953,0.9669537421785427,nan
34.13533834586466,29.35009441561332,3.102724266793408,0.9652668689172055,nan
34.43609022556391,29.60088970759426,3.1292369119456787,0.9635140094324517,nan
34.73684210526316,29.85148110016945,3.1557280020179133,0.9616935822978883,nan
35.037593984962406,30.10186686719364,3.182197354531899,0.9598040158838272,0.17736212327726117
35.338345864661655,30.352045283937933,3.208644787159153,0.9578437512316456,0.171046559162604
35.6390977443609,30.602014627101763,3.2350701177221866,0.9558112450274678,0.16496087988911307
35.93984962406015,30.851773174824693,3.261473164195753,0.9537049726711814,0.1590965838240894
36.24060150375939,31.10131920669832,3.2878537447081078,0.9515234314361551,0.15344548719282872
36.54135338345864,31.35065100377811,3.3142116775422577,0.9492651437143932,0.14799971211651303
36.84210526315789,31.59976684859525,3.340546781137212,0.9469286603411883,0.1427516751013859
37.14285714285714,31.848665025168437,3.366858874089235,0.9445125639926605,0.13769407596221592
37.44360902255639,32.09734381901576,3.3931477751530945,0.9420154726488956,0.13281988716368262
37.744360902255636,32.345801517166464,3.4194133032433123,0.939436043114696,0.1281223435639418
38.045112781954884,32.59403640817278,3.445655277435408,0.9367729745892845,0.12359493254520632
38.34586466165413,32.842046782121656,3.471873516967147,0.9340250122756116,0.1192313845167571
38.64661654135338,33.08983093064665,3.4980678412397883,0.9311909510192501,0.11502566377633648
38.94736842105263,33.33738714693955,3.524238069819323,0.9282696389662095,0.11097195971641378
39.24812030075188,33.58471372576225,3.5503840224377234,0.9252599812283635,0.10706467836230789
39.54887218045113,33.83180896345845,3.576505518994179,0.9221609435445894,0.10329843422965201
39.849624060150376,34.078671157965374,3.6026023795563393,0.918971555925137,0.09966804248914808
40.150375939849624,34.32529860882554,3.6286744243615576,0.9156909162662233,0.09616851142701298
40.45112781954887,34.57168961719843,3.6547214738181197,0.9123181939213614,0.0927950351899575
40.75187969924812,34.81784248587222,3.6807433485064918,0.9088526332154983,0.08954298680395426
41.05263157894737,35.06375551927544,3.706739869180546,0.9052935568876728,0.0864079114564581
41.35338345864662,35.309427023488695,3.7327108567688048,0.9016403694475867,0.08338552003212954
41.65413533834587,35.554855306256314,3.758656132375667,0.8978925604312594,0.08047168289248761
41.954887218045116,35.800038676997985,3.784575517282644,0.8940497075407666,0.07766242389027811
42.255639097744364,36.044975446820445,3.8104688329495895,0.8901114796529943,0.07495391460968945
42.55639097744361,36.28966392852906,3.836335901015929,0.8860776396823485,0.07234246882388486
42.857142857142854,36.5341024366395,3.8621765433018895,0.8819480472824627,0.0698245371616377
43.1578947368421,36.77828928738932,3.8879905818097282,0.8777226613721392,0.06739670197516975
43.45864661654135,37.02222279874955,3.9137778387249527,0.8734015424710667,0.06505567240158729
43.7593984962406,37.26590129043632,3.939538136417553,0.8689848548312343,0.06279827961059789
44.06015037593985,37.50932308392236,3.965271297443221,0.8644728683504794,0.06062147223146737
44.3609022556391,37.75248650244868,3.990977144544575,0.8598659602551915,0.05852231195243996
44.661654135338345,37.995389871036,4.0166555006523765,0.8551646165399032,0.056497969286103844
44.962406015037594,38.23803151649633,4.042306188886755,0.850369433152301,0.05454571949442586
45.26315789473684,38.480409767444556,4.067929032558425,0.8454811169130875,0.05266293866741967
45.563909774436084,38.72252295430985,4.093523855169899,0.8405004861611238,0.05084709994963947
45.86466165413533,38.96436940934726,4.11909048041671,0.8354284711153631,0.049095769908906906
46.16541353383458,39.20594746664912,4.144628732188622,0.830266113946263,0.04740660504189595
46.46616541353383,39.447255462156605,4.170138434570841,0.8250145685506043,0.04577734841139751
46.76691729323308,39.68829173367113,4.195619411845233,0.8196751000249691,0.044205826410287107
47.06766917293233,39.92905462086581,4.221071488491528,0.8142490838345119,0.04268994564740211
47.368421052631575,40.16954246529694,4.2464944891885334,0.8087380046750876,0.04122768995071896
47.669172932330824,40.40975361041537,4.27188823881534,0.8031434550282841,0.03981711748339498
47.96992481203007,40.649686401577945,4.297252562452526,0.7974671334104114,0.03845635796840605
48.27067669172932,40.889339186058876,4.322587285383367,0.7917108423180323,0.03714361001767375
48.57142857142857,41.128710313061156,4.3478922330950365,0.7858764858741587,0.035877138561730436
48.87218045112782,41.367798133727895,4.3731672312798056,0.7799660671807759,0.0346552723761207
49.17293233082707,41.60660100115373,4.398412105836251,0.773981685384875,0.03347640170088093
49.473684210526315,41.8451172703961,4.423626682870445,0.7679255324666756,0.03233897594957789
49.774436090225564,42.08334529848665,4.44881078869716,0.7617998897601599,0.03124150150451943
50.07518796992481,42.32128344444249,4.473964249841063,0.7556071242174628,0.030182539594879813
50.37593984962406,42.55893006927753,4.49908689303791,0.7493496844299802,0.029160704254604593
50.67669172932331,42.796283536013746,4.524178545235738,0.7430300964203389,0.02817466035707885
50.97744360902256,43.033342209692506,4.549239033596065,0.7366509592205338,0.027223121723657113
51.278195488721806,43.27010445738575,4.574268185495065,0.7302149402526441,0.02630484930326339
51.578947368421055,43.50656864820732,4.599265828524774,0.723724770529492,0.025418649420373897
51.8796992481203,43.74273315332415,4.624231790494267,0.7171832396935056,0.024563372088799558
52.180451127819545,43.978596345967496,4.64916589943085,0.7105931909127742,0.023737909388780433
52.48120300751879,44.21415660144413,4.674067983581237,0.7039575156539283,0.022941193905000382
52.78195488721804,44.44941229714755,4.698937871412741,0.697279148351962,0.02217219722321992
53.08270676691729,44.684361812569165,4.7237753916144545,0.690561060997492,0.021429928483312842
53.38345864661654,44.91900352930941,4.748580373098423,0.6838062576621812,0.020713432986576012
53.68421052631579,45.15333583108894,4.773352645000831,0.6770177689831455,0.020021790855262116
53.984962406015036,45.38735710375975,4.798092036683173,0.6701986466271465,0.01935411574236355
54.285714285714285,45.62106573531629,4.822798377733437,0.6633519577552001,0.018709553589749604
54.58646616541353,45.85446011590659,4.847471497967268,0.656480779507944,0.018087281432831455
54.88721804511278,46.08753863784331,4.87211122742915,0.6495881935316942,0.017486506249998583
55.18796992481203,46.32029969561483,4.8967173963935675,0.6426772805645999,0.01690646385513659
55.48872180451128,46.55274168589631,4.921289835366181,0.6357511151016499,0.01634641783160071
55.78947368421053,46.78486300756079,4.945828375084997,0.6288127601565545,0.015805658506080504
56.09022556390977,47.016662061690084,4.970332846521523,0.6218652621376906,0.015283501960851488
56.39097744360902,47.24813725158596,4.994803080881944,0.6149116458543538,0.014779289082964548
56.691729323308266,47.479286982781,5.019238909608277,0.6079549096685899,0.014292384648981377
56.992481203007515,47.71010966304966,5.043640164379536,0.6009980208067848,0.013822176443914674
57.29323308270676,47.94060370241921,5.068006677112888,0.59404391084408,0.013368074413083991
57.59398496240601,48.17076751318069,5.0923382799648165,0.5870954713735148,0.012929509845646682
57.89473684210526,48.40059950989988,5.116634805332272,0.5801555498705788,0.012505934588609855
58.19548872180451,48.63009810942813,5.140896085853831,0.5732269457626327,0.012096820290175477
58.49624060150376,48.85926173091339,5.165121954410844,0.5663124067114144,0.011701657671313127
58.796992481203006,49.08808879581098,5.1893122441285895,0.5594146251155807,0.011319955824497737
59.097744360902254,49.31657772789456,5.213466788377425,0.5525362348390018,0.01095124153858928
59.3984962406015,49.544726953266924,5.237585420773932,0.5456798081692824,0.010595058648870379
59.69924812030075,49.77253490037087,5.261667975182063,0.5388478530097711,0.010250967411295081
60.0,49.99999999999999,5.285714285714285,0.5320428103071382,0.009918543900037775
60.30075187969925,50.22712068530958,5.309724186732727,0.5252670517154518,0.009597379427465642
60.6015037593985,50.45389539182729,5.333697512850313,0.518522877496589,0.009287079985691806
60.902255639097746,50.68032255746399,5.357634098931907,0.5118125146557453,0.008987265708897208
61.20300751879699,50.906400622524515,5.381533780095449,0.5051381153098293,0.008697570355640987
61.503759398496236,51.132128029718416,5.405396391713089,0.49850175528557306,0.008417640810408064
61.804511278195484,51.35750322417068,5.429221769412329,0.49190543294331657,0.00814713660367133
62.10526315789473,51.582524653432394,5.453009749077139,0.4853510682216144,0.007885729449773069
62.40601503759398,51.80719076749152,5.476760166849103,0.4788405018970579,0.007633102801956438
62.70676691729323,52.031500018783525,5.500472859128545,0.47237549505304394,0.007388951423903469
63.00751879699248,52.255450862202046,5.524147662575645,0.46595772875060437,0.007152980977160138
63.30827067669173,52.479041755109535,5.547784414111579,0.4595888038938738,0.006924907623852453
63.609022556390975,52.70227115734788,5.571382950919633,0.4532702412823121,0.006704457644120215
63.909774436090224,52.925137531249035,5.5949431104463265,0.44700348184139704,0.006491367067716661
64.21052631578948,53.14763934164559,5.6184647304025335,0.44078988702316185,0.006285381319243079
64.51127819548873,53.369775055881355,5.6419476487646,0.4346307393676984,0.006086254876507588
64.81203007518798,53.59154314382191,5.665391703775459,0.42852724321653163,0.005893750941516468
65.11278195488723,53.81294207786513,5.688796733945742,0.4224805255686312,0.005707641123625162
65.41353383458647,54.03397033295179,5.712162578054903,0.416491637069735,0.005527705134393695
65.71428571428571,54.254626386575936,5.735489075152313,0.41056155312563153,0.005353730493708829
66.01503759398496,54.474908718795504,5.758776064558381,0.4046911751300526,0.00518551224675121
66.3157894736842,54.69481581224268,5.782023385865655,0.3988813317979016,0.005022852691402416
66.61654135338345,54.91434615213444,5.805230878939926,0.3931327805946458,0.004865561115701329
66.9172932330827,55.13349822628293,5.828398383921338,0.38744620925284023,0.004713453544974683
67.21804511278195,55.352270525105894,5.851525741225481,0.38182223736694676,0.004566352498280291
67.5187969924812,55.57066154163709,5.874612791544492,0.37626141805780267,0.004424086753815338
67.81954887218045,55.788669771536625,5.897659375848157,0.3707642396983625,0.004286491122955185
68.1203007518797,56.00629371310142,5.9206653353850065,0.3653311276925786,0.004153406232600638
68.42105263157895,56.22353186727541,5.9436305116834,0.35996244629959323,0.0040246783155240265
68.7218045112782,56.44038273765998,5.966554746552626,0.3546585004957077,0.003900159008415702
69.02255639097744,56.656844830524236,5.98943788208399,0.34941953786692287,0.003779705157344228
69.32330827067669,56.87291665481528,6.0122797606519,0.344245750525179,0.0036631786303540463
69.62406015037594,57.08859672216852,6.0350802249149575,0.33913727704175956,0.003550446136934884
69.92481203007519,57.30388354691785,6.05783911781703,0.33409420439167925,0.003441379054107257
70.22556390977444,57.518775646106015,6.08055628258835,0.32911656990321997,0.0033358532588777918
70.52631578947368,57.733271539494645,6.1032315627465765,0.32420436320714413,0.0032337489668277752
70.82706766917292,57.94736974957462,6.125864802097888,0.3193575281804572,0.003134950576606684
71.12781954887217,58.16106880157616,6.14845584473805,0.31457596487994843,0.0030393465201115854
71.42857142857142,58.37436722347897,6.171004535053491,0.3098595314610825,0.0029468291181411
71.72932330827066,58.58726354602247,6.193510717722376,0.305208046078157,0.0028572944413208035
72.03007518796991,58.79975630271579,6.215974237715669,0.30062128876197497,0.002770642176104491
72.33082706766916,59.01184402984796,6.238394940298213,0.2960990032716002,0.0026867754956630473
72.63157894736841,59.22352526649799,6.2607726710297875,0.29164089891709055,0.0026056009354797675
72.93233082706766,59.4347985545449,6.283107275766175,0.2872466523503959,0.0025270282734778035
73.23308270676691,59.645662438677775,6.305398600660221,0.28291590932191263,0.002450970414511872
73.53383458646616,59.85611546640578,6.327646492162897,0.2786482864004611,0.0023773432790626663
73.8345864661654,60.0661561880682,6.349850797024352,0.2744433726547248,0.002306065695978545
74.13533834586465,60.27578315684438,6.372011362294978,0.2703007312944506,0.00223705929911481
74.4360902255639,60.48499492876375,6.394128035326453,0.2662199012699469,0.002170248427726541
74.73684210526315,60.69379006271567,6.416200663772799,0.2622003988286574,0.002105560030476322
75.0375939849624,60.90216712045948,6.4382290955914305,0.2582417190277935,0.0020429235729233766
75.33834586466165,61.11012466663433,6.4602131790441994,0.25434333720223185,0.0019822709483656763
75.6390977443609,61.31766126876907,6.482152762698445,0.25050471038705535,0.001923536391911325
75.93984962406014,61.52477549729218,6.504047695428031,0.24672527869431732,0.00186665639766018
76.2406015037594,61.73146592554152,6.525897826414389,0.24300446664375516,0.0018115696388811323
76.54135338345864,61.93773112977421,6.547703005147559,0.2393416844473528,0.0017582168910746843
76.84210526315789,62.14356968917647,6.569463081427227,0.2357363292477836,0.0017065409578146797
77.14285714285714,62.34898018587335,6.591177905363754,0.2321877863109006,0.0016564865992669399
77.44360902255639,62.553961204938524,6.612847327379216,0.228695430172565,0.00160800046328635
77.74436090225564,62.75851133440401,6.6344711982084235,0.22525862574020736,0.0015610310189977156
78.04511278195488,62.962629165269945,6.656049368899965,0.22187672934962094,0.0015155284927691121
78.34586466165413,63.166313291514264,6.677581690817222,0.21854908977757717,0.0014714448064899383
78.64661654135338,63.36956231010237,6.699068015639393,0.21527504921093085,0.0014287335180691477
78.94736842105263,63.5723748209968,6.720508195362519,0.21205394417295437,0.0013873497640722226
79.24812030075188,63.774749427166896,6.7419020823005,0.20888510640770844,0.0013472502044185356
79.54887218045113,63.976684734598436,6.76324952908612,0.20576786372330774,0.0013083929690636638
79.84962406015038,64.17817935230316,6.784550388672048,0.2027015407949933,0.0012707376065940054
80.15037593984962,64.37923189232845,6.805804514331864,0.19968545992895373,0.0012342450346637089
80.45112781954887,64.57984096976683,6.827011759661065,0.19671894178788926,0.0011988774922066304
80.75187969924812,64.78000520276551,6.848171978578068,0.19380130607932522,0.0011645984933584363
81.05263157894737,64.97972321253596,6.8692850253252296,0.19093187220771088,0.0011313727830263962
81.35338345864662,65.1789936233633,6.890350754469833,0.18810995989136287,0.001099166294046795
81.65413533834587,65.37781506261588,6.911369020905107,0.1853348897453104,0.001067946105872001
81.95488721804512,65.57618616075467,6.932339679851209,0.18260598383112706,0.0010376804047314999
82.25563909774436,65.77410555134277,6.953262586856236,0.17992256617481908,0.0010083384452131661
82.55639097744361,65.97157187105472,6.974137597797213,0.1772839632538537,0.000979890513213127
82.85714285714286,66.16858375968594,6.994964568881086,0.17468950445440587,0.0009523078902043735
83.15789473684211,66.36513986016215,7.015743356645713,0.17213852249988637,0.0009255628187762241
83.45864661654136,66.5612388185486,7.036473817960851,0.16963035385182126,0.0008996284693984578
83.7593984962406,66.75687928405952,7.057155810029149,0.16716433908412517,0.0008744789083656474
84.06015037593984,66.95205990906736,7.077789190387121,0.16473982323180933,0.0008500890668788853
84.36090225563909,67.1467793491121,7.098373816906135,0.1623561561151427,0.0008264347112236425
84.66165413533834,67.34103626291042,7.118909547793388,0.16001269264027002,0.0008034924140040783
84.96240601503759,67.53482931236509,7.139396241592881,0.15770879307727087,0.0007812395263954884
85.26315789473684,67.72815716257409,7.159833757186404,0.1554438233166227,0.0007596541513781128
85.56390977443608,67.92101848183984,7.180221953794496,0.15321715510501338,0.000738715117916769
85.86466165413533,68.11341194167828,7.200560690977418,0.15102816626142,0.0007184019560521655
86.16541353383458,68.30533621682821,7.2208498286361245,0.14887624087435192,0.0006986948728709242
86.46616541353383,68.49678998526024,7.241089227013224,0.14676076948113345,0.0006795747293226671
86.76691729323308,68.68777192818597,7.261278746693945,0.14468114923007133,0.0006610230178535622
87.06766917293233,68.8782807300671,7.2814182486070935,0.14263678402633606,0.0006430218408269339
87.36842105263158,69.06831507862444,7.301507594026012,0.14062708466235108,0.0006255538897025946
87.66917293233082,69.25787366484697,7.321546644569537,0.13865146893346894,0.0006086024249475774
87.96992481203007,69.44695518300087,7.341535262202949,0.13670936173968004,0.0005921512566519843
88.27067669172932,69.63555833063847,7.3614733092389235,0.13480019517408137,0.0005761847258246068
88.57142857142857,69.82368180860728,7.381360648338483,0.13292340859880092,0.0005606876863439006
88.87218045112782,70.01132432105892,7.4011971425119425,0.13107844870905425,0.000545645487540804
89.17293233082707,70.19848457545802,7.420982655119848,0.1292647695859842,0.0005310439573907583
89.47368421052632,70.38516128259114,7.440717049873921,0.12748183273890581,0.0005168693862930711
89.77443609022556,70.57135315657568,7.460400190838,0.12572910713756189,0.0005031085114166179
90.07518796992481,70.75705891486865,7.480031942428972,0.12400606923496466,0.0004897485015916165
90.37593984962406,70.94227727827564,7.499612169417711,0.12231220298138104,0.00047677694272793244
90.67669172932331,71.1270069709595,7.519140736930004,0.12064699982999351,0.00046418182374114195
90.97744360902256,71.31124672044922,7.538617510447488,0.11900995873474568,0.0004519515229681842
91.2781954887218,71.4949952576486,7.558042355808566,0.11740058614086504,0.0004400747950551784
91.57894736842105,71.67825131684512,7.577415139209341,0.11581839596852662,0.00042854075830054105
91.8796992481203,71.86101363571858,7.596735727204535,0.11426290959011025,0.0004173388824372229
92.18045112781954,72.04328095534973,7.6160039867084,0.1127336558014747,0.00040645897683841284
92.48120300751879,72.22505202022913,7.635219784995651,0.11123017078765977,0.0003958911791316529
92.78195488721803,72.40632557826561,7.654382989702364,0.1097519980834057,0.00038562594420687405
93.08270676691728,72.58710038079496,7.673493468826896,0.10829868852886042,0.0003756540336043384
93.38345864661653,72.76737518258861,7.692551090730796,0.10686980022083041,0.0003659665052690274
93.68421052631578,72.94714874186207,7.711555724139704,0.10546489845991056,0.00035655470365848773
93.98496240601503,73.12641982028359,7.7305072381442645,0.10408355569381449,0.0003474102501916024
94.28571428571428,73.30518718298262,7.74940550220102,0.10272535145721083,0.0003385250340262411
94.58646616541353,73.4834495985584,7.768250386133316,0.10138987230835264,0.0003298912031541352
94.88721804511277,73.66120583908832,7.787041760132195,0.10007671176277826,0.00032150115580179613
95.18796992481202,73.83845468013654,7.8057794947572905,0.09878547022434137,0.00031334753212665004
95.48872180451127,74.01519490076222,7.824463460937721,0.0975157549138183,0.0003054232061979916
95.78947368421052,74.19142528352816,7.843093529972976,0.09626717979532762,0.0002977212782527012
96.09022556390977,74.36714461450896,7.8616695735338045,0.09503936550078218,0.00029023506721607105
96.39097744360902,74.54235168329959,7.880191463663098,0.09383193925258293,0.00028295810347838725
96.69172932330827,74.71704528302354,7.898659072776774,0.09264453478475372,0.00027588412191830136
96.99248120300751,74.89122421034129,7.91707227366465,0.09147679226270286,0.00026900705516429775
97.29323308270676,75.06488726545852,7.935430939491329,0.09032835820178697,0.0002623210270859204
97.59398496240601,75.23803325213434,7.953734943797058,0.08919888538484623,0.0002558203465066913
97.89473684210526,75.41066097768963,7.971984160498617,0.0880880327788617,0.00024949950113095165
98.19548872180451,75.58276925301514,7.990178463890173,0.08699546545088907,0.0002433531516771452
98.49624060150376,75.75435689257984,8.008317728644153,0.08592085448340057,0.0002373761262103138
98.796992481203,75.92542271443887,8.026401829812109,0.08486387688916867,0.00023156341466685313
99.09774436090225,76.09596554024188,8.044430642825569,0.08382421552581239,0.00022591016356480283
99.3984962406015,76.26598419524105,8.06240404349691,0.08280155901011901,0.00022041167089321216
99.69924812030075,76.43547750829917,8.0803219080202,0.08179560163225057,0.00021506338117432893
100.0,76.60444431189781,8.098184112972053,0.0808060432699316,0.00020986088069259903
100.30075187969925,76.77288344214517,8.11599053531249,0.0798325893027143,0.00020479989288467402
100.6015037593985,76.94079373878434,8.133741052385771,0.07887495052640554,0.00019987627388481918
100.90225563909775,77.10817404520105,8.151435541921254,0.0779328430677386,0.00019508600822034354
101.203007518797,77.27502320843186,8.169073882034224,0.0770059882993629,0.00019042520465182414
101.50375939849624,77.44134007917194,8.186655951226747,0.07609411275522249,0.00018589009215312606
101.80451127819549,77.60712351178303,8.204181628388492,0.0751969480463885,0.00018147701602636064
102.10526315789473,77.77237236430139,8.221650792797575,0.07431423077740301,0.00017718243414711888
102.40601503759397,77.9370854984456,8.23906332412139,0.07344570246319208,0.00017300291333547716
102.70676691729322,78.1012617796244,8.256419102417436,0.07259110944659705,0.00016893512584842898
103.00751879699247,78.26490007694457,8.27371800813414,0.07175020281657118,0.00016497584598955013
103.30827067669172,78.42799926321862,8.290959922111684,0.07092273832708441,0.00016112194683186326
103.60902255639097,78.59055821497269,8.308144725582828,0.07010847631677489,0.00015737039704999146
103.90977443609022,78.75257581245414,8.325272300173722,0.06930718162938336,0.00015371825785785275
104.21052631578947,78.91405093963935,8.34234252790473,0.06851862353500147,0.00015016268004825636
104.51127819548871,79.0749824842414,8.359355291191234,0.06774257565216517,0.00014670090113090757
104.81203007518796,79.23536933771776,8.376310472844448,0.0669788158708164,0.00014333024256543876
105.11278195488721,79.3952103952778,8.393207956072224,0.06622712627615956,0.00014004810708621843
105.41353383458646,79.55450455589056,8.410047624479859,0.06548729307343074,0.00013685197611578215
105.71428571428571,79.71325072229224,8.426829362070894,0.06475910651359974,0.00013373940726386417
106.01503759398496,79.87144780099378,8.443553053247914,0.06404236082002097,0.0001307080319090985
106.3157894736842,80.0290947022884,8.460218582813345,0.06333685411604555,0.0001277555528605668
106.61654135338345,80.18619034025909,8.476825835970246,0.06264238835360789,0.00012487974209647213
106.9172932330827,80.3427336327861,8.493374698323104,0.061958769242795864,0.00012207843857730375
107.21804511278195,80.49872350155442,8.50986505587861,0.06128580618241337,0.00011934954613096438
107.5187969924812,80.65415887206116,8.526296795046465,0.06062331219154025,0.00011669103140740657
107.81954887218045,80.80903867362294,8.54266980264014,0.05997110384209654,0.00011410092190041883
108.1203007518797,80.96336183938334,8.558983965877667,0.059329001192412474,0.00011157730403428025
108.42105263157895,81.11712730632023,8.575239172382423,0.058696827721807066,0.00010911832131308487
108.7218045112782,81.270334015253,8.591435310183888,0.05807441026617655,0.00010672217253061462
109.02255639097744,81.42298091084997,8.607572267718426,0.05746157895459133,0.0001043871100387066
109.32330827067669,81.57506694163561,8.62364993383005,0.056858167146900125,0.0001021114380721414
109.62406015037594,81.7265910599978,8.639668197771195,0.056264011372338975,9.989351112814114e-05
109.92481203007519,81.87755222219499,8.655626949203471,0.05567895126914162,9.773173239863764e-05
110.22556390977444,82.02794938836348,8.671526078198426,0.05510282952514653,9.562455225352589e-05
110.52631578947368,82.17778152252451,8.687365475238305,0.054535491819395286,9.357046677319337e-05
110.82706766917293,82.32704759259144,8.70314503121681,0.0539767867647169,9.156801632866217e-05
111.12781954887218,82.47574657037681,8.718864637439834,0.05342656585129107,8.961578420774753e-05
111.42857142857142,82.62387743159948,8.734524185626231,0.05288468339118265,8.77123952856856e-05
111.72932330827066,82.77143915589167,8.750123567908547,0.05235099646384033,8.585651473874012e-05
112.03007518796991,82.91843072680595,8.765662676833772,0.0518253648625503,8.404684679935006e-05
112.33082706766916,83.0648511318223,8.781141405364071,0.051307651041836703,8.228213355142518e-05
112.63157894736841,83.210699362355,8.796559646877528,0.05079772006579877,8.056115376444987e-05
112.93233082706766,83.3559744137597,8.811917295168882,0.05029543955737548,7.888272176509762e-05
113.23308270676691,83.50067528534024,8.827214244450253,0.04980067964852764,7.724568634510646e-05
113.53383458646616,83.64480098035555,8.842450389351873,0.04931331293132659,7.564892970420679e-05
113.8345864661654,83.7883505060266,8.857625624922811,0.04883321440993887,7.409136642693341e-05
114.13533834586465,83.93132287354312,8.872739846631701,0.04836026145349632,7.257194249219722e-05
114.4360902255639,84.07371709807052,8.887792950367453,0.04789433374984031,7.108963431452741e-05
114.73684210526315,84.21553219875656,8.902784832439979,0.04743531326012799,6.964344781593353e-05
115.0375939849624,84.35676719873827,8.917715389580902,0.0469830841742899,6.823241752737198e-05
115.33834586466165,84.49742112514846,8.932584518944266,0.046537532867327355,6.685560571883957e-05
115.6390977443609,84.63749300912266,8.947392118107253,0.04609854785643636,6.5512101557143e-05
115.93984962406014,84.77698188580558,8.962138085070876,0.04566601975894832,6.420102029043447e-05
116.2406015037594,84.91588679435789,8.976822318260691,0.04523984125107358,6.292150245862751e-05
116.54135338345864,85.05420677796283,8.991444716527498,0.0448199070274367,6.167271312884008e-05
116.84210526315789,85.1919408838327,9.006005179148028,0.04440611376139189,6.045384115504408e-05
117.14285714285714,85.32908816321556,9.020503605825645,0.04399836006610509,5.926409846111979e-05
117.44360902255639,85.46564767140165,9.034939896691032,0.04359654645639215,5.810271934655141e-05
117.74436090225564,85.60161846773,9.049313952302887,0.04320057531129936,5.696895981401826e-05
118.04511278195488,85.7369996155948,9.063625673648593,0.04281035083741642,5.586209691816442e-05
118.34586466165413,85.87179018245193,9.077874962144918,0.04242577903290726,5.478142813485301e-05
118.64661654135338,86.00598923982538,9.092061719638684,0.04204676765224895,5.372627075023637e-05
118.94736842105263,86.13959586331359,9.106185848407437,0.04167322617166572,5.269596126899425e-05
119.24812030075188,86.27260913259589,9.120247251160137,0.04130506575524577,5.168985484111309e-05
119.54887218045113,86.40502813143878,9.134245831037813,0.0409421992217305,5.070732470660566e-05
119.84962406015038,86.53685194770227,9.14818149161424,0.040584541011962925,4.974776165758295e-05
120.15037593984962,86.66807967334617,9.162054136896595,0.040232007156985036,4.8810573517117e-05
120.45112781954887,86.7987104044363,9.175863671326123,0.03988451524677119,4.7895184634348054e-05
120.75187969924812,86.9287432411508,9.189609999778797,0.03954198439958752,4.700103539530935e-05
121.05263157894737,87.05817728778624,9.203293027565973,0.03920433523196485,4.612758174895971e-05
121.3533834586466,87.18701165276383,9.216912660435032,0.0388714898292752,4.5274294747933363e-05
121.65413533834585,87.31524544863557,9.230468804570046,0.03854337171689918,4.444066010352866e-05
121.9548872180451,87.44287779209037,9.24396136659241,0.038219905831975244,4.362617775447767e-05
122.25563909774435,87.56990780396006,9.257390253561493,0.03790101849571831,4.283036144905275e-05
122.5563909774436,87.69633460922557,9.270755372975275,0.0375866373862981,4.205273834007797e-05
122.85714285714285,87.82215733702286,9.284056632770987,0.03727669151226638,4.129284859243264e-05
123.1578947368421,87.94737512064891,9.29729394132574,0.03697111118652274,4.055024500264407e-05
123.45864661654134,88.07198709756778,9.310467207457165,0.03666982800080824,3.9824492630182277e-05
123.75939849624059,88.1959924094165,9.32357634042403,0.03637277480071757,3.9115168440080264e-05
124.06015037593984,88.31939020201096,9.336621249926873,0.03607988566121919,3.842186095651899e-05
124.36090225563909,88.44217962535184,9.349601846108623,0.0357910958626738,3.7744169927024935e-05
124.66165413533834,88.56435983363038,9.362518039555212,0.03550634186734139,3.7081705996940996e-05
124.96240601503759,88.68592998523437,9.375369741296204,0.035225561296367364,3.643409039384425e-05
125.26315789473684,88.80688924275375,9.388156862805396,0.03494869290723842,3.580095462159282e-05
125.56390977443608,88.92723677298653,9.400879316001433,0.03467567657169898,3.518194016369505e-05
125.86466165413533,89.04697174694445,9.413537013248412,0.03440645325411886,3.4576698195704806e-05
126.16541353383458,89.16609333985872,9.426129867356494,0.03414096499030321,3.398488930635684e-05
126.46616541353383,89.28460073118569,9.438657791582488,0.033879154866736705,3.340618322716435e-05
126.76691729323308,89.40249310461252,9.451120699630465,0.03362096700025186,3.284025857021096e-05
127.06766917293233,89.51976964806276,9.463518505652349,0.03336634651811434,3.2286802573878e-05
127.36842105263158,89.63642955370202,9.475851124248498,0.03311523953851652,3.1745510856255906e-05
127.66917293233082,89.75247201794342,9.488118470468304,0.03286759315147042,3.121608717599793e-05
127.96992481203007,89.86789624145327,9.500320459810773,0.03262335540009303,3.069824320038073e-05
128.2706766917293,89.98270142915642,9.512457008225107,0.032382475262274994,3.0191698280346173e-05
128.57142857142856,90.09688679024191,9.524528032111286,0.03214490263272601,2.9696179232303137e-05
128.8721804511278,90.21045153816823,9.536533448320641,0.03191058830538824,2.921142012647929e-05
129.17293233082705,90.3233948906689,9.548473174156426,0.03167948395621095,2.873716208161483e-05
129.4736842105263,90.43571606975775,9.56034712737439,0.031451542126278584,2.8273153065801975e-05
129.77443609022555,90.54741430173432,9.572155226183343,0.03122671620528549,2.781914770327655e-05
130.0751879699248,90.65848881718921,9.583897389245717,0.031004960415349683,2.7374907086975678e-05
130.37593984962405,90.76893885100935,9.595573535678131,0.030786229795159062,2.694019859668254e-05
130.6766917293233,90.87876364238328,9.607183585051946,0.030570480184443024,2.6514795722583484e-05
130.97744360902254,90.98796243480636,9.618727457393815,0.03035766820876319,2.6098477894068875e-05
131.2781954887218,91.09653447608605,9.63020507318624,0.030147751264616017,2.569103031361543e-05
131.57894736842104,91.20447901834704,9.641616353368116,0.02994068750484133,2.52922437955913e-05
131.8796992481203,91.3117953180364,9.652961219335277,0.029736435824330505,2.490191460983243e-05
132.18045112781954,91.41848263592874,9.664239592941039,0.029534955846027673,2.451984432984129e-05
132.4812030075188,91.52454023713123,9.675451396496731,0.029336207907218484,2.414583968546645e-05
132.78195488721803,91.62996739108877,9.686596552772242,0.029140153046099782,2.377971241992266e-05
133.08270676691728,91.7347633715889,9.69767498499654,0.028946752988625053,2.3421279151019877e-05
133.38345864661653,91.83892745676692,9.708686616858218,0.028755970135619306,2.307036123646966e-05
133.68421052631578,91.94245892911077,9.719631372505996,0.028567767550158493,2.2726784643145168e-05
133.98496240601503,92.04535707546601,9.730509176549264,0.028382108945207127,2.2390379820171243e-05
134.28571428571428,92.14762118704076,9.741319954058595,0.028198958671509455,2.2060981575729733e-05
134.58646616541353,92.24925055941051,9.752063630566253,0.028018281705728624,2.1738428957463745e-05
134.88721804511277,92.35024449252305,9.762740132066723,0.027840043638828506,2.1422565136372404e-05
135.18796992481202,92.45060229070323,9.773349385017198,0.027664210664693694,2.1113237294088658e-05
135.48872180451127,92.55032326265781,9.783891316338112,0.02749074956898175,2.081029651343705e-05
135.78947368421052,92.64940672148018,9.794365853413618,0.02731962771820418,2.0513597672171985e-05
136.09022556390977,92.74785198465509,9.80477292409211,0.027150813049029953,2.0222999339798688e-05
136.39097744360902,92.84565837406336,9.815112456686697,0.026984274057808316,1.99383636773846e-05
136.69172932330827,92.94282521598657,9.825384379975723,0.02681997979030494,1.965955634026881e-05
136.99248120300751,93.03935184111172,9.83558862320324,0.026657899831648322,1.93864463835834e-05
137.29323308270676,93.13523758453574,9.845725116079493,0.02649800429648102,1.911890617050029e-05
137.593984962406,93.2304817857702,9.85579378878142,0.026340263819311843,1.8856811283121812e-05
137.89473684210526,93.32508378874572,9.865794571953117,0.026184649545065247,1.8600040435935296e-05
138.1954887218045,93.41904294181663,9.87572739670633,0.02603113311982271,1.8348475391754172e-05
138.49624060150376,93.51235859776537,9.88559219462091,0.025879686681753587,1.810200088007066e-05
138.796992481203,93.605030113807,9.895388897745311,0.025730282852229926,1.7860504517748046e-05
139.09774436090225,93.69705685159357,9.905117438597035,0.025582894727122937,1.7623876731982004e-05
139.3984962406015,93.78843817721854,9.914777750163102,0.025437495868276143,1.739201068546303e-05
139.69924812030075,93.87917346122117,9.924369765900524,0.02529406029515205,1.716480220367378e-05
140.0,93.96926207859083,9.933893419736744,0.025152562476649,1.694214970425863e-05
